Strain;Growth_rate;Ag_inhibition;Cd_inhibition;Cu_inhibition
SM_GP2-4_13;1.443669418;1.228810071;0.26948714;0.328123592
SM_GP2-4_16;1.700540881;1.173806717;0.194096541;0.358565448
SM_GP2-4_19;1.591835737;1.031136392;0.290687538;0.70221257
SM_GP2-4_20;1.449543022;1.384541132;0.231789928;0.340789459
TB_GP2-4_11;0.562909056;0.617349468;1.851004363;1.513034484
TB_GP2-4_13;0.109786653;2.955605313;8.158586466;2.58585304
TB_GP2-4_16;0.7637532;0.5372675;1.296845453;0.583333319
TB_GP2-4_9;0.752121857;0.541450383;0.800488212;0.3315889